rolleID,gender
1,m
2,m
3,m
4,m
5,m
6,m
7,m
8,f
9,m
10,m
11,m
12,m
13,f
14,m
15,m
16,f
20,m
21,m
22,f
23,m
25,m
26,f
28,m
29,f
30,m
31,m
32,m
33,m
34,m
37,m
38,m
39,m
40,m
41,m
42,f
43,m
44,m
45,m
46,m
47,m
48,f
49,f
50,m
52,m
53,f
54,m
55,m
56,m
57,m
58,m
60,m
61,m
62,m
63,m
64,f
66,f
67,m
72,m
73,m
76,f
79,m
81,m
85,m
87,m
88,m
90,m
91,f
92,f
93,f
94,f
95,m
96,m
97,m
98,m
99,f
100,m
104,m
105,m
108,m
109,f
111,m
112,f
113,m
114,m
117,m
118,m
120,f
121,m
122,f
123,m
125,m
126,f
127,m
128,m
131,m
132,f
133,m
134,m
135,m
136,m
137,m
138,m
139,m
140,m
141,m
142,m
143,f
144,m
145,f
148,m
151,m
152,m
156,f
157,m
159,f
162,m
163,m
165,m
167,m
168,m
170,m
171,m
173,f
174,m
175,m
177,m
178,m
180,m
182,m
188,f
192,f
194,m
195,m
196,f
201,f
203,f
205,m
207,f
208,m
212,m
213,m
215,m
217,f
219,m
221,m
222,m
224,m
226,m
227,m
228,m
229,m
230,m
231,m
235,m
238,m
239,m
240,f
244,f
248,f
249,f
250,f
251,m
252,m
253,m
254,m
255,f
256,m
257,f
260,m
261,m
262,m
263,m
264,m
266,f
269,m
272,f
274,m
275,m
276,m
277,m
278,m
280,m
281,m
286,f
287,m
289,m
291,f
292,m
293,m
296,f
298,f
300,m
301,m
302,m
303,f
307,m
309,m
315,m
316,f
317,m
320,f
322,f
323,m
324,m
325,f
329,m
330,m
333,f
334,f
335,f
338,f
346,m
347,f
348,f
349,m
350,m
351,f
352,m
353,m
354,f
355,m
356,f
358,m
359,f
360,f
361,m
362,f
365,m
366,m
367,f
368,m
370,m
371,m
372,m
373,m
376,m
377,m
378,m
379,m
380,m
381,m
385,m
393,m
394,f
395,f
398,m
402,m
403,m
404,m
405,m
406,m
411,m
412,m
415,m
417,m
418,m
422,m
424,f
425,m
427,m
428,m
429,m
431,m
432,m
433,f
434,m
436,m
437,f
438,f
440,m
442,m
443,m
444,f
445,f
446,f
447,f
448,m
449,f
454,m
457,m
458,m
459,m
460,m
462,f
464,m
465,f
468,f
469,f
470,f
471,f
472,m
473,m
474,f
475,f
476,m
477,f
478,m
479,m
480,m
481,f
482,f
486,f
487,m
488,f
489,f
491,m
492,m
493,m
494,m
495,f
496,m
497,m
498,m
499,m
500,f
501,m
502,f
503,m
504,f
505,f
506,f
507,m
508,m
509,f
510,m
512,m
513,f
514,m
518,f
519,m
520,m
521,f
523,m
524,m
526,m
527,f
528,f
530,m
531,m
532,m
533,f
534,f
535,m
536,m
537,f
541,f
542,f
543,m
547,m
548,f
550,f
551,f
553,f
554,m
555,m
556,m
558,f
559,m
561,f
562,f
563,m
564,f
565,f
567,f
569,f
571,m
572,f
573,m
575,f
576,f
578,f
579,m
580,m
584,m
585,f
587,m
588,m
589,m
590,m
591,m
592,m
593,m
594,f
595,m
596,m
597,m
599,m
600,m
601,f
604,m
606,m
607,m
609,f
610,m
611,m
612,m
614,f
616,m
618,f
619,m
620,m
622,f
623,f
625,m
626,m
627,f
628,m
630,f
633,f
634,m
635,m
636,m
637,m
638,m
639,f
640,m
641,f
642,m
644,f
646,f
649,f
650,f
651,f
654,m
655,f
656,m
658,m
659,f
660,m
661,m
662,f
663,f
666,m
668,m
669,m
670,f
671,m
672,f
673,f
677,f
678,m
682,f
683,m
685,m
686,f
688,f
689,m
691,m
692,m
693,f
694,m
695,f
699,f
700,f
701,f
705,m
706,m
707,m
709,f
710,m
712,f
713,f
714,m
715,f
716,f
718,m
719,f
720,f
722,m
725,m
726,f
727,f
728,m
729,f
730,f
731,m
732,f
733,m
734,m
735,m
736,f
737,f
738,f
739,m
740,f
743,f
748,m
749,f
750,f
753,m
755,m
756,f
757,m
758,m
759,f
760,f
761,m
763,m
764,m
765,m
766,f
767,f
768,f
769,m
770,m
773,m
774,m
775,m
776,m
777,m
778,m
779,m
780,m
783,f
786,m
787,f
788,f
790,f
791,m
793,f
794,f
795,m
796,m
797,f
798,m
799,f
800,m
803,m
806,f
807,m
808,m
809,m
810,m
811,f
815,m
816,f
817,f
818,m
819,m
820,m
821,m
822,f
823,m
824,m
827,f
828,m
829,f
830,m
831,m
833,f
834,m
835,m
836,m
837,m
838,m
839,m
840,m
841,m
842,f
843,m
844,f
846,m
849,m
850,m
851,m
852,m
853,f
854,m
855,m
856,f
857,m
858,m
859,m
860,m
861,m
862,f
863,f
864,m
865,m
867,m
868,m
871,m
872,m
873,m
874,m
875,f
876,f
877,m
878,m
879,f
880,f
882,f
884,m
885,m
886,f
887,m
888,m
889,f
891,m
894,m
896,m
897,m
898,f
899,m
900,f
901,m
902,f
903,f
904,f
905,f
906,m
907,m
908,m
909,m
911,m
913,m
914,f
916,m
920,m
922,m
925,m
927,m
928,f
930,m
931,m
933,f
934,f
936,m
937,m
939,m
941,m
943,m
944,m
945,m
947,f
948,m
949,f
950,f
951,m
953,m
954,f
956,m
961,f
965,f
966,m
967,m
968,m
969,m
970,m
971,m
972,m
973,f
974,m
975,f
976,m
977,m
979,f
980,f
981,f
982,f
983,f
984,m
987,f
989,m
990,m
995,f
996,m
998,m
1003,f
1004,f
1006,m
1007,f
1008,m
1009,m
1010,f
1012,m
1013,m
1014,m
1016,m
1018,m
1019,m
1021,f
1024,f
1025,m
1026,m
1027,f
1029,m
1030,f
1031,f
1032,m
1033,f
1034,m
1035,m
1036,m
1037,f
1038,m
1039,m
1040,m
1041,m
1042,m
1043,m
1044,m
1045,m
1047,f
1048,m
1049,f
1050,m
1051,m
1052,m
1053,f
1056,m
1057,f
1059,f
1060,m
1061,f
1062,f
1063,f
1064,m
1065,m
1066,m
1068,m
1069,m
1070,f
1071,f
1072,m
1073,m
1074,m
1077,f
1078,m
1079,m
1080,m
1081,m
1082,f
1083,m
1084,m
1085,m
1086,f
1087,m
1089,m
1090,m
1093,m
1094,m
1095,m
1096,f
1098,m
1099,m
1100,f
1102,m
1104,m
1105,m
1106,f
1113,f
1116,m
1117,m
1118,f
1121,m
1122,m
1123,m
1126,f
1127,m
1128,m
1129,f
1130,m
1132,m
1133,m
1134,m
1135,m
1136,f
1137,m
1138,m
1140,f
1142,m
1147,f
1149,m
1150,m
1151,f
1152,f
1154,m
1155,f
1156,m
1157,f
1158,f
1159,f
1161,m
1163,f
1164,f
1165,m
1166,f
1167,f
1168,m
1169,m
1170,m
1171,m
1172,m
1173,m
1174,m
1175,m
1176,f
1177,f
1179,m
1180,f
1181,f
1182,f
1183,m
1184,m
1185,f
1187,m
1189,m
1190,m
1192,f
1194,m
1197,m
1198,m
1199,f
1200,f
1201,m
1202,m
1204,m
1205,f
1207,m
1209,m
1210,m
1212,m
1213,f
1218,m
1219,m
1220,m
1221,m
1222,f
1223,f
1225,m
1226,m
1227,m
1229,f
1230,f
1231,m
1234,f
1235,m
1236,f
1237,m
1238,f
1239,m
1240,m
1241,f
1243,m
1244,f
1245,f
1246,m
1248,m
1250,m
1253,m
1255,m
1256,m
1257,m
1258,f
1259,f
1260,m
1261,m
1262,m
1263,f
1264,m
1265,f
1266,m
1268,f
1269,m
1270,f
1271,f
1272,m
1273,m
1274,m
1275,m
1276,m
1277,m
1278,f
1279,m
1280,m
1281,f
1282,f
1285,f
1286,f
1288,f
1290,m
1291,m
1295,m
1297,m
1298,f
1299,f
1300,f
1301,f
1303,f
1305,m
1306,m
1307,m
1308,m
1309,m
1310,m
1313,m
1314,m
1315,m
1316,m
1318,f
1319,m
1320,f
1321,f
1322,f
1323,f
1327,f
1328,f
1329,f
1331,m
1334,m
1335,f
1336,m
1337,f
1338,m
1339,f
1342,m
1343,m
1344,m
1345,m
1347,m
1348,f
1351,f
1352,f
1353,f
1354,f
1356,f
1357,m
1358,m
1359,m
1361,m
1362,m
1367,f
1368,f
1369,m
1370,m
1371,m
1372,m
1373,m
1375,f
1378,m
1379,f
1381,m
1382,f
1383,m
1384,f
1390,m
1391,m
1392,m
1393,f
1395,m
1396,f
1400,f
1401,m
1402,f
1403,m
1404,m
1405,m
1406,f
1407,m
1408,f
1409,f
1410,f
1412,m
1413,m
1414,f
1416,m
1418,m
1419,m
1420,f
1421,m
1422,m
1424,m
1425,m
1426,m
1427,m
1428,m
1429,f
1432,m
1433,m
1435,f
1437,f
1442,f
1445,m
1446,f
1447,f
1454,f
1455,f
1456,f
1457,m
1458,f
1459,f
1460,f
1461,m
1463,m
1464,f
1466,m
1469,m
1471,f
1472,m
1474,m
1475,m
1476,m
1478,f
1479,m
1480,m
1482,m
1483,m
1485,m
1486,m
1487,m
1488,m
1491,m
1494,f
1495,m
1497,f
1498,m
1499,f
1501,f
1502,m
1504,m
1505,m
1506,f
1507,m
1508,f
1511,f
1512,f
1513,f
1514,f
1515,m
1517,f
1518,f
1519,f
1520,m
1521,f
1522,f
1523,f
1524,f
1525,m
1526,m
1528,m
1529,f
1530,m
1531,m
1532,f
1533,m
1536,m
1540,m
1541,m
1542,m
1543,m
1546,f
1548,f
1550,m
1553,m
1555,f
1556,m
1557,f
1558,m
1560,m
1561,m
1562,f
1563,m
1564,m
1565,f
1566,f
1568,f
1569,m
1570,m
1571,f
1574,m
1575,f
1576,m
1577,f
1578,m
1580,m
1581,m
1582,m
1583,f
1585,f
1586,f
1587,m
1588,f
1589,f
1590,f
1591,f
1592,f
1596,f
1597,m
1598,m
1599,f
1600,f
1601,m
1602,f
1604,m
1605,f
1606,m
1607,f
1608,f
1609,m
1610,f
1611,m
1612,f
1613,m
1614,m
1617,f
1618,m
1620,f
1621,m
1622,f
1623,m
1624,m
1625,m
1628,m
1629,f
1631,f
1632,m
1633,m
1634,f
1636,m
1637,m
1638,m
1639,f
1642,m
1643,m
1645,m
1646,f
1647,f
1648,f
1650,m
1656,f
1662,m
1667,f
1669,f
1670,m
1671,f
1673,f
1675,f
1681,m
1682,f
1683,f
1684,m
1685,m
1686,m
1687,f
1688,f
1689,m
1690,f
1694,f
1696,m
1697,m
1701,m
1704,f
1705,m
1707,m
1709,f
1712,f
1713,f
1714,f
1715,m
1716,m
1718,m
1721,f
1728,f
1730,m
1732,f
1734,m
1735,m
1736,f
1738,m
1739,f
1740,f
1741,m
1743,m
1744,m
1745,m
1746,m
1748,m
1749,m
1750,f
1751,m
1752,m
1753,m
1754,m
1760,f
1761,m
1765,f
1767,f
1768,f
1769,f
1771,m
1772,m
1773,m
1774,m
1775,m
1776,m
1777,m
1778,m
1779,f
1780,m
1781,m
1782,m
1783,m
1785,f
1789,m
1791,f
1792,f
1793,m
1794,f
1796,f
1797,m
1798,m
1800,m
1802,f
1803,m
1804,f
1809,m
1810,f
1812,f
1813,m
1814,f
1816,m
1818,m
1819,f
1821,f
1822,m
1823,f
1824,f
1826,m
1828,m
1829,f
1834,f
1835,m
1836,m
1844,m
1847,f
1848,m
1849,f
1855,f
1857,f
1862,m
1863,f
1864,m
1866,m
1867,f
1869,f
1870,m
1871,m
1872,f
1873,f
1874,f
1877,f
1878,m
1881,f
1882,f
1884,m
1885,m
1887,f
1888,f
1889,m
1891,f
1892,m
1893,m
1895,f
1897,m
1898,f
1899,f
1900,m
1901,m
1902,f
1903,f
1904,f
1905,m
1906,f
1907,f
1910,m
1911,m
1914,m
1915,f
1916,m
1917,m
1918,m
1919,m
1920,m
1923,f
1924,m
1925,m
1926,f
1929,f
1930,m
1931,f
1933,m
1935,m
1936,m
1937,f
1938,m
1939,m
1940,f
1941,m
1942,f
1943,m
1946,m
1947,f
1950,f
1951,f
1953,f
1957,f
1960,f
1962,m
1963,m
1964,f
1966,f
1967,f
1968,m
1969,f
1970,m
1971,f
1972,f
1974,f
1976,m
1979,f
1980,m
1981,f
1983,m
1984,m
1985,f
1986,f
1987,m
1988,f
1989,m
1992,m
1993,f
1994,f
1995,m
1996,f
1997,m
1998,f
1999,m
2000,m
2001,f
2002,m
2003,m
2004,f
2005,f
2011,m
2012,m
2016,m
2018,m
2020,m
2021,m
2022,m
2023,f
2028,m
2029,m
2030,f
2039,f
2040,m
2042,m
2043,f
2044,f
2046,f
2047,f
2048,m
2049,m
2050,m
2051,m
2052,m
2054,m
2056,f
2057,m
2058,f
2059,m
2060,m
2061,m
2066,m
2067,m
2068,m
2072,f
2073,m
2075,m
2077,m
2078,f
2079,m
2080,f
2082,f
2084,m
2085,m
2088,m
2089,m
2090,m
2091,m
2092,f
2094,m
2099,m
2100,f
2101,m
2102,f
2103,m
2104,f
2105,m
2106,m
2107,f
2109,m
2110,m
2112,f
2113,m
2114,f
2115,m
2117,m
2118,m
2119,m
2120,m
2123,f
2124,m
2125,m
2126,m
2127,m
2128,m
2129,f
2130,m
2131,m
2133,m
2134,m
2136,m
2137,f
2138,m
2140,m
2141,m
2142,m
2143,m
2144,m
2146,m
2148,m
2149,m
2150,m
2152,f
2154,m
2155,f
2163,f
2167,m
2168,m
2169,m
2171,m
2176,m
2178,f
2180,m
2181,m
2182,m
2183,m
2184,f
2185,m
2186,m
2187,f
2190,m
2191,m
2193,m
2194,m
2195,f
2196,m
2197,m
2198,m
2199,m
2200,m
2201,m
2202,f
2203,m
2204,m
2206,m
2207,m
2208,m
2209,m
2210,m
2211,m
2212,f
2213,m
2214,m
2215,m
2217,f
2218,m
2219,m
2220,f
2221,m
2222,m
2224,f
2225,m
2226,m
2228,m
2229,m
2231,m
2232,m
2233,f
2234,m
2235,m
2236,m
2239,m
2240,f
2241,m
2243,m
2245,m
2247,f
2251,m
2252,f
2254,m
2255,m
2256,m
2257,f
2261,f
2262,f
2263,f
2264,m
2265,f
2266,f
2267,m
2269,m
2271,m
2272,f
2273,m
2274,m
2275,m
2276,f
2277,f
2278,m
2279,f
2280,m
2281,m
2284,f
2285,m
2286,m
2287,m
2288,m
2289,m
2290,m
2293,m
2294,m
2295,m
2296,f
2297,m
2298,m
2303,m
2305,m
2307,m
2309,f
2310,m
2311,m
2314,m
2315,f
2316,f
2318,f
2319,m
2321,m
2322,m
2324,m
2325,f
2326,f
2327,m
2328,m
2331,f
2332,f
2333,m
2334,m
2335,m
2336,m
2337,m
2338,m
2339,f
2340,m
2341,f
2343,m
2345,f
2346,m
2347,m
2348,m
2349,m
2350,f
2351,m
2353,f
2354,m
2355,f
2357,m
2358,f
2359,m
2360,f
2361,m
2362,m
2364,m
2366,f
2367,f
2368,m
2369,m
2370,m
2371,f
2372,m
2373,m
2374,m
2376,f
2377,m
2379,f
2380,m
2381,m
2382,f
2384,f
2387,m
2388,f
2389,m
2390,m
2391,m
2392,f
2393,f
2394,f
2395,m
2398,m
2399,f
2401,m
2402,f
2403,m
2405,f
2406,f
2407,m
2408,f
2409,m
2410,m
2411,m
2412,m
2414,m
2417,m
2418,m
2419,m
2420,m
2421,f
2422,m
2424,f
2425,m
2428,f
2430,m
2431,f
2432,f
2433,m
2434,f
2435,f
2436,m
2437,m
2438,f
2440,m
2442,f
2443,f
2446,f
2448,m
2449,f
2450,f
2451,m
2453,m
2454,m
2455,m
2456,f
2457,m
2458,m
2459,m
2460,f
2461,m
2464,f
2466,f
2467,m
2468,f
2469,m
2470,m
2472,m
2473,f
2474,m
2475,m
2477,m
2478,m
2479,m
2480,m
2481,f
2482,f
2483,m
2484,f
2485,m
2486,f
